key_bom,genre_cluster,bom_genre
b10,,Romance
b24,,Romantic Comedy
b27,,Period Adventure
b38,5.0,Family Comedy
b39,,Crime Drama
b48,,Drama
b50,2.0,Drama
b54,,Fantasy Comedy
b55,,Drama
b62,,Horror
b66,2.0,Thriller
b80,,Period Comedy
b89,,Action
b90,,Action Comedy
b110,,Action Drama
b119,,Foreign
b121,,Drama
b122,,Drama
b123,,Action Comedy
b124,,Comedy
b126,5.0,Action Comedy
b131,2.0,Crime Drama
b132,5.0,Romantic Comedy
b133,,Comedy / Drama
b134,,Horror
b143,2.0,Action Thriller
b159,,Horror
b160,5.0,Action Comedy
b162,,Period Action
b163,,Action Comedy
b164,,Period Action
b174,,Western
b185,,Action Drama
b191,,Action Drama
b194,5.0,Romantic Comedy
b197,,Comedy / Drama
b220,,Music Drama
b228,,Thriller
b229,,Animation
b236,2.0,Thriller
b243,,Period Drama
b246,2.0,Drama
b262,5.0,Animation
b273,,Animation
b277,5.0,Family Comedy
b285,6.0,Horror
b297,,Comedy / Drama
b306,2.0,Drama / Thriller
b330,0.0,Action
b334,,Romance
b339,5.0,Romantic Comedy
b345,,Horror Comedy
b347,2.0,Crime Drama
b352,,Drama
b361,0.0,Period Action
b368,2.0,Sports Drama
b384,2.0,Romantic Comedy
b387,2.0,Action
b406,,War Drama
b408,5.0,Western Comedy
b415,2.0,Drama / Thriller
b423,,Horror
b433,0.0,Thriller
b452,,Foreign
b483,2.0,Drama
b494,,Sci-Fi Horror
b516,,Comedy / Drama
b530,5.0,Comedy
b531,,Foreign
b534,,Drama
b539,2.0,Romance
b554,2.0,Sci-Fi
b567,,Thriller
b568,,Action
b579,,Romantic Comedy
b582,,Comedy / Drama
b584,,Comedy / Drama
b589,,Horror Thriller
b599,5.0,Comedy
b602,5.0,Comedy
b610,,Thriller
b619,,Comedy
b626,,Comedy / Drama
b644,,Sci-Fi Action
b657,0.0,Sci-Fi
b669,5.0,Romantic Thriller
b687,0.0,Family Adventure
b688,,Family Adventure
b695,,Historical Drama
b709,,Action Thriller
b720,,Drama
b721,2.0,Drama
b734,,Crime Thriller
b736,,Romantic Comedy
b738,,Historical Epic
b739,,Family
b743,,Comedy / Drama
b746,,Sports Drama
b752,,Family Adventure
b755,,Family Adventure
b757,,Sci-Fi Horror
b758,,Sci-Fi Horror
b763,6.0,Sci-Fi Horror
b765,,Sci-Fi Horror
b770,5.0,Family Adventure
b783,5.0,Action Comedy
b810,,Unknown
b813,,Drama
b817,,Western
b828,,Romantic Thriller
b829,,Comedy
b830,2.0,Music Drama
b840,,Comedy / Drama
b843,,Horror
b845,5.0,Romantic Comedy
b846,,Thriller
b857,,Family Comedy
b858,5.0,Family Comedy
b860,3.0,Family Comedy
b874,,Historical Drama
b883,5.0,Romantic Comedy
b896,5.0,Comedy
b899,,Crime Drama
b906,,Crime Drama
b909,2.0,Drama
b924,5.0,Comedy
b928,,Thriller
b929,,Comedy
b930,,Drama
b937,5.0,Action Comedy
b939,5.0,Comedy
b959,,Foreign
b975,6.0,Horror
b984,,Period Drama
b995,2.0,Drama
b999,0.0,Horror
b1000,5.0,Crime Comedy
b1001,5.0,Crime Comedy
b1010,5.0,Comedy
b1011,5.0,Comedy
b1028,,Romance
b1035,,Thriller
b1041,,Comedy
b1061,2.0,Period Drama
b1071,,Musical
b1075,,Animation
b1076,,Period Drama
b1089,,Drama
b1092,,Action / Adventure
b1106,,Drama
b1107,5.0,Animation
b1111,2.0,Sports Drama
b1114,5.0,Romantic Comedy
b1116,,Drama
b1125,0.0,Period Adventure
b1128,,Sci-Fi Thriller
b1129,,Western
b1145,,Family Comedy
b1154,,Drama
b1161,,Family Comedy
b1166,,Drama / Thriller
b1171,2.0,Thriller
b1174,,Sci-Fi Action
b1176,,Thriller
b1184,,Family Adventure
b1186,,Sci-Fi
b1197,,Comedy
b1201,0.0,Animation
b1208,2.0,Romantic Comedy
b1224,,Action
b1230,,Action Thriller
b1235,,Animation
b1246,0.0,Animation
b1256,,Sci-Fi Comedy
b1272,5.0,Comedy
b1273,5.0,Comedy
b1274,0.0,Comedy
b1275,,Period Adventure
b1285,,Romance
b1289,0.0,Action / Adventure
b1294,,Thriller
b1297,2.0,Comedy
b1321,,Family Adventure
b1327,,Drama
b1331,5.0,Family Comedy
b1332,,Comedy
b1336,0.0,Sci-Fi Thriller
b1350,5.0,Sci-Fi Adventure
b1351,0.0,Western
b1365,,Action Comedy
b1368,5.0,Action Comedy
b1370,,Action Comedy
b1376,,Foreign
b1381,2.0,Crime Drama
b1385,,Comedy
b1387,5.0,Sports Comedy
b1388,2.0,Crime Comedy
b1389,2.0,Comedy
b1390,5.0,Comedy
b1403,,Action Comedy
b1413,0.0,Action
b1440,,Crime Comedy
b1447,,Action / Crime
b1460,,Comedy
b1461,2.0,Comedy
b1472,,Comedy / Drama
b1473,,Animation
b1479,2.0,Thriller
b1488,0.0,Action / Adventure
b1490,0.0,Action / Adventure
b1491,0.0,Action / Adventure
b1492,,Action / Adventure
b1493,0.0,Action / Adventure
b1508,,Drama
b1509,0.0,Sci-Fi Action
b1511,,Sci-Fi Adventure
b1512,,Action
b1516,5.0,Crime Comedy
b1529,,Fantasy
b1538,,Comedy / Drama
b1542,,Drama
b1557,,Fantasy
b1565,,Family
b1573,,Fantasy Comedy
b1575,,Family Adventure
b1576,5.0,Animation
b1577,,Drama
b1596,,Romance
b1605,2.0,Drama
b1607,,Action Thriller
b1619,2.0,Fantasy Comedy
b1624,,Documentary
b1629,,Drama
b1644,,Historical Epic
b1656,,Animation
b1679,,Comedy
b1711,5.0,Action Comedy
b1715,,Romantic Comedy
b1718,,Romance
b1750,,Sci-Fi
b1761,,Comedy
b1765,5.0,Family Comedy
b1766,2.0,Fantasy Drama
b1770,,Animation
b1775,2.0,Drama
b1776,5.0,Action Comedy
b1777,5.0,Action Comedy
b1778,,Action Comedy
b1789,,Comedy
b1795,2.0,Action / Crime
b1809,5.0,Comedy
b1822,,Comedy / Drama
b1824,,Fantasy Drama
b1837,,Foreign
b1849,,War
b1852,,Adventure Comedy
b1854,,Crime Drama
b1856,,Musical
b1867,,Drama
b1874,,Crime Drama
b1875,,Drama
b1881,,Thriller
b1887,6.0,Action Horror
b1893,0.0,Action Horror
b1894,5.0,Sports Comedy
b1895,,Horror
b1903,,Romantic Comedy
b1909,,Sports Drama
b1911,,Romantic Comedy
b1913,2.0,Horror Thriller
b1922,,Drama / Thriller
b1934,2.0,Adventure
b1942,,Thriller
b1954,,Action Horror
b1968,,Crime Drama
b1979,2.0,Sports Drama
b1991,,Action Comedy
b2003,,Comedy
b2009,2.0,Sports Drama
b2020,,Drama / Thriller
b2025,,Drama
b2034,,Animation
b2042,,Horror
b2050,6.0,Horror Comedy
b2051,,Horror
b2053,2.0,Drama
b2057,6.0,Horror
b2060,,Romantic Comedy
b2090,,Romance
b2095,5.0,Comedy
b2120,,Romantic Comedy
b2131,6.0,Period Horror
b2138,,Animation
b2139,2.0,Historical Epic
b2154,,Romantic Comedy
b2179,,Action
b2181,5.0,Comedy
b2182,,Romance
b2183,6.0,Horror Comedy
b2188,,Comedy
b2189,,Thriller
b2191,,Romantic Comedy
b2193,,Romantic Comedy
b2203,,Period Drama
b2206,,Period Drama
b2208,,Sports Comedy
b2210,,Comedy
b2225,2.0,Crime Thriller
b2240,2.0,Action / Crime
b2251,,Foreign / Action
b2253,,Drama
b2260,,Romantic Comedy
b2263,2.0,Fantasy Comedy
b2268,,Drama
b2284,,Unknown
b2301,5.0,Action
b2315,,Musical
b2319,2.0,Comedy
b2324,,Comedy
b2347,,Drama
b2358,,Action Comedy
b2373,2.0,Music Drama
b2386,,Comedy
b2410,,Drama
b2435,4.0,Documentary
b2437,,Drama
b2439,0.0,Action / Adventure
b2440,0.0,Action / Adventure
b2441,0.0,Action / Adventure
b2443,,War Romance
b2448,,Drama
b2474,2.0,Crime Drama
b2475,,Action Thriller
b2491,,Horror
b2495,,Animation
b2496,5.0,Animation
b2509,6.0,Horror Thriller
b2514,,Thriller
b2516,,Action
b2521,,Unknown
b2522,2.0,Drama
b2533,2.0,Comedy / Drama
b2535,5.0,Family Adventure
b2537,,Romantic Comedy
b2546,5.0,Family Adventure
b2547,5.0,Family Comedy
b2551,,Action / Adventure
b2567,,Thriller
b2573,,Music Drama
b2574,,Comedy
b2576,,Action / Adventure
b2589,,Horror Thriller
b2605,,Thriller
b2606,2.0,Thriller
b2611,,Sci-Fi Action
b2618,2.0,Comedy
b2628,,Drama
b2629,2.0,War Drama
b2630,,Family Adventure
b2631,,Action Comedy
b2632,0.0,Action Comedy
b2638,,Family
b2644,5.0,Romantic Comedy
b2646,2.0,Sports Drama
b2652,,Family Comedy
b2669,,Romance
b2678,,Musical
b2682,,Animation
b2683,5.0,Animation
b2700,2.0,Sci-Fi Thriller
b2708,,Action Comedy
b2723,,Drama
b2724,,Romance
b2753,5.0,Family Comedy
b2757,,Sci-Fi Action
b2775,,Fantasy
b2777,2.0,Sports Drama
b2786,,Drama
b2790,0.0,Fantasy
b2804,,Comedy
b2807,5.0,Comedy
b2809,,Crime Drama
b2811,0.0,Family Adventure
b2818,,Foreign
b2819,,Foreign
b2831,,Fantasy
b2842,,Action Thriller
b2847,5.0,Comedy
b2848,,Fantasy Comedy
b2850,,Action Thriller
b2859,0.0,Sci-Fi Adventure
b2872,,Romance
b2879,,Animation
b2880,5.0,Animation
b2881,,Action Horror
b2889,2.0,Sports Drama
b2904,,Foreign
b2911,5.0,Action Comedy
b2925,,War Romance
b2934,,Crime
b2935,2.0,Drama
b2936,,Action
b2937,,Comedy
b2942,,Action
b2993,,Action
b2996,,Action
b3001,,Drama
b3005,5.0,Comedy Thriller
b3015,5.0,Comedy
b3020,,Horror
b3025,,Sci-Fi
b3026,,Action Thriller
b3032,,Thriller
b3041,,Drama
b3043,,Drama
b3059,,Comedy
b3065,,Animation
b3083,2.0,Music Drama
b3085,5.0,Comedy
b3097,,Sci-Fi Action
b3101,,Music Drama
b3105,2.0,Action
b3106,2.0,Period Drama
b3107,,Action / Crime
b3112,2.0,Drama
b3123,,Comedy
b3128,,Drama
b3141,6.0,Horror
b3169,,Drama
b3175,2.0,Romantic Thriller
b3180,,Romantic Comedy
b3200,,Animation
b3204,,Horror
b3214,,Comedy
b3234,5.0,Comedy
b3254,5.0,Comedy
b3283,,Comedy / Drama
b3289,0.0,Action Drama
b3295,,Action / Adventure
b3298,,Action / Crime
b3311,,Horror Comedy
b3312,,Thriller
b3320,,Horror
b3321,,Horror
b3329,5.0,Romantic Comedy
b3330,5.0,Comedy
b3335,4.0,Comedy
b3342,,Horror
b3343,0.0,Sci-Fi Action
b3349,6.0,Horror
b3365,2.0,Music Drama
b3385,6.0,Horror
b3407,,Romance
b3413,6.0,Horror Comedy
b3417,,Action Thriller
b3428,,Comedy / Drama
b3429,,Comedy
b3434,,Drama / Thriller
b3438,2.0,Comedy Thriller
b3457,,Horror
b3465,,Action Drama
b3476,,War
b3480,,Romantic Thriller
b3493,,Horror
b3496,,Comedy
b3511,,Thriller
b3531,5.0,Animation
b3549,5.0,Comedy
b3550,5.0,Comedy
b3560,,Horror
b3586,,Comedy
b3587,,Comedy
b3588,,Comedy
b3592,,Period Action
b3593,5.0,Comedy
b3595,2.0,Romantic Comedy
b3596,,Action
b3597,0.0,Action Thriller
b3598,,Action Thriller
b3599,0.0,Action Thriller
b3609,,Animation
b3621,5.0,Comedy
b3622,,Animation
b3631,2.0,Romance
b3643,5.0,Comedy
b3645,,Drama / Thriller
b3652,,Fantasy Comedy
b3660,,Sci-Fi
b3664,,Drama / Thriller
b3670,,Action / Adventure
b3676,,Comedy / Drama
b3678,1.0,Western
b3690,,Action / Adventure
b3694,5.0,Sports Comedy
b3702,,Fantasy Comedy
b3705,,Period Drama
b3710,2.0,Family
b3711,2.0,Family
b3715,6.0,Thriller
b3722,2.0,Comedy
b3723,,Romantic Comedy
b3726,,Horror
b3734,2.0,Thriller
b3744,2.0,Fantasy Drama
b3748,,Sci-Fi Horror
b3752,,Comedy / Drama
b3764,,Thriller
b3769,,Drama
b3784,,Romantic Comedy
b3785,2.0,Romantic Comedy
b3798,,Family Comedy
b3805,,Animation
b3807,,Animation
b3810,2.0,Romantic Comedy
b3813,6.0,Horror
b3814,2.0,Action Horror
b3818,6.0,Horror
b3826,,Action Fantasy
b3829,,Romantic Thriller
b3836,,Thriller
b3841,,Sci-Fi Horror
b3843,,Family
b3852,,Action / Adventure
b3859,,Action Drama
b3861,,Romantic Comedy
b3862,,Sports Drama
b3873,5.0,Comedy
b3877,,Music Drama
b3890,,Comedy
b3892,2.0,Comedy
b3895,,Comedy
b3898,,Family Adventure
b3900,5.0,Comedy
b3901,5.0,Comedy
b3906,,Fantasy
b3909,,Comedy
b3910,,Thriller
b3924,2.0,Comedy
b3926,0.0,Thriller
b3933,0.0,Adventure
b3942,2.0,Romantic Comedy
b3949,2.0,Drama
b3968,,Drama
b3976,,Drama / Thriller
b3978,0.0,Sci-Fi Action
b3981,,Action / Crime
b3991,2.0,Adventure
b3994,,Horror Comedy
b4033,,Action / Adventure
b4045,,Comedy
b4051,,Comedy / Drama
b4052,,Period Drama
b4053,,Family Adventure
b4068,,Sci-Fi
b4078,,Crime Drama
b4083,,Comedy
b4086,,Family Adventure
b4091,,Action Horror
b4092,2.0,Crime Drama
b4095,2.0,Period Adventure
b4097,,Sci-Fi
b4100,,Romance
b4109,2.0,War
b4110,,Action Thriller
b4115,,Thriller
b4121,,Drama
b4123,,Comedy
b4124,,Romantic Thriller
b4126,,Comedy
b4127,,Animation
b4133,,Fantasy
b4135,,Action
b4137,,Drama
b4150,5.0,Animation
b4162,2.0,Sci-Fi Comedy
b4173,5.0,Comedy
b4176,5.0,Fantasy Comedy
b4188,,Romance
b4190,,Thriller
b4207,5.0,Romantic Comedy
b4211,,Comedy
b4217,,Comedy / Drama
b4226,,Horror
b4231,,Musical
b4233,,Sci-Fi Comedy
b4235,,Sci-Fi Thriller
b4247,5.0,Action
b4249,0.0,Drama
b4252,6.0,Period Horror
b4266,,Comedy
b4268,2.0,Drama
b4278,,Unknown
b4281,,Thriller
b4285,2.0,Drama / Thriller
b4298,0.0,Action
b4309,5.0,Romantic Comedy
b4311,,Action Thriller
b4335,,Music Drama
b4343,,Comedy / Drama
b4354,,IMAX
b4357,,Fantasy
b4358,,Action / Adventure
b4359,,Action / Adventure
b4360,,Action / Adventure
b4361,,Animation
b4363,2.0,Period Drama
b4369,2.0,Period Drama
b4380,,Crime Comedy
b4386,0.0,Action
b4389,0.0,Action
b4395,,Action
b4397,,Action
b4447,,Drama
b4455,,Romantic Comedy
b4469,,Romance
b4474,2.0,Crime
b4491,,Horror
b4493,,Horror
b4494,6.0,Horror
b4495,0.0,Animation
b4498,5.0,Crime Drama
b4511,5.0,Animation
b4513,,Period Drama
b4526,5.0,Comedy
b4529,2.0,Drama
b4540,0.0,Action
b4553,,Drama
b4570,,War
b4598,,Family
b4599,,Drama
b4603,,Adventure
b4618,5.0,Animation
b4620,,Animation
b4621,,War
b4630,,Comedy
b4643,,Romantic Adventure
b4651,,Musical
b4655,2.0,Drama
b4660,,Sports Drama
b4665,,Comedy
b4675,2.0,Music Drama
b4686,,Romantic Comedy
b4696,2.0,Comedy
b4705,,Action Comedy
b4715,,Drama
b4720,,Action / Crime
b4721,2.0,Comedy
b4734,,Horror Thriller
b4746,,Animation
b4761,,Documentary
b4763,,Fantasy Comedy
b4767,5.0,Comedy
b4768,,Horror Comedy
b4771,5.0,Animation
b4777,,Action Drama
b4785,2.0,Drama
b4798,,Sci-Fi Thriller
b4804,2.0,Period Drama
b4805,,Comedy
b4808,,Sports Drama
b4810,,Horror
b4827,,Comedy
b4829,2.0,Comedy / Drama
b4831,,Horror
b4841,,Period Horror
b4847,,Action
b4858,,Historical Drama
b4859,,Animation
b4867,,Comedy
b4876,5.0,Comedy
b4877,,Crime Comedy
b4887,2.0,Comedy
b4889,0.0,Action
b4890,5.0,Family Comedy
b4892,,War
b4897,,Family Adventure
b4901,0.0,Action
b4902,0.0,Action
b4915,5.0,Comedy
b4932,2.0,Crime Drama
b4934,,Crime Drama
b4946,,Family Comedy
b4976,5.0,Comedy
b4979,,Horror
b4980,,Horror
b4983,,Family Comedy
b4994,,Action
b4996,5.0,Comedy
b4997,5.0,Comedy
b4998,,Comedy
b5001,,Romantic Comedy
b5003,,Music Drama
b5006,,Action Comedy
b5023,,Action Horror
b5024,,Action Horror
b5025,,Horror
b5029,,Fantasy Comedy
b5031,,Comedy
b5034,,Sci-Fi Action
b5037,0.0,Horror Comedy
b5038,,Horror Comedy
b5054,5.0,Crime Comedy
b5063,,Unknown
b5076,,Drama
b5092,,Historical Epic
b5099,4.0,Concert
b5104,,Music Drama
b5113,,Comedy
b5144,,War
b5145,,Period Drama
b5146,,Action / Adventure
b5147,,Horror
b5149,,Sci-Fi Action
b5150,,Sci-Fi Action
b5154,,Sci-Fi Horror
b5168,,Comedy
b5169,,Romantic Comedy
b5185,2.0,Drama / Thriller
b5188,,Thriller
b5189,,Action
b5196,2.0,Family Comedy
b5211,,Period Drama
b5228,,Horror Comedy
b5236,,Period Drama
b5238,,Thriller
b5241,6.0,Horror
b5254,,Sports Drama
b5256,2.0,Action Drama
b5277,,Sci-Fi Thriller
b5300,,Action / Adventure
b5303,,Thriller
b5320,2.0,Sports Drama
b5324,,Sports Comedy
b5325,,Horror
b5335,,Comedy
b5336,5.0,Comedy
b5337,,Sports Comedy
b5343,,Action / Adventure
b5358,,Adventure Comedy
b5364,,Crime Comedy
b5393,,Comedy
b5406,5.0,Comedy
b5413,,Horror
b5416,6.0,Horror
b5423,,Period Drama
b5425,5.0,Comedy
b5429,,Fantasy Drama
b5436,,Comedy / Drama
b5440,,Adventure
b5450,,Thriller
b5454,6.0,Action Comedy
b5466,3.0,Animation
b5468,5.0,Sports Comedy
b5495,,Sports Drama
b5507,,Comedy
b5508,5.0,Comedy
b5514,,Crime Thriller
b5517,,Fantasy
b5520,,Fantasy
b5521,,Fantasy
b5522,,Fantasy
b5523,,Fantasy
b5524,,Fantasy
b5529,2.0,War Drama
b5557,,Unknown
b5560,,Action
b5574,,Romantic Comedy
b5576,,Comedy
b5597,,Crime Comedy
b5602,,Drama
b5616,,Drama
b5617,,Western
b5632,,Crime
b5633,,Action Thriller
b5644,,Action Drama
b5651,,Action Horror
b5652,0.0,Action Horror
b5676,,Comedy / Drama
b5689,4.0,Family Comedy
b5690,,Animation
b5692,,Action / Adventure
b5700,,Romance
b5701,,Drama
b5714,,Comedy / Drama
b5716,,Animation
b5722,,Period Adventure
b5724,2.0,Drama
b5740,2.0,Thriller
b5741,,Romantic Comedy
b5744,2.0,Unknown
b5762,,Drama
b5767,0.0,Action Fantasy
b5789,,Action Comedy
b5790,,Romantic Comedy
b5795,,Action / Adventure
b5805,,Family Adventure
b5813,6.0,Sci-Fi Horror
b5819,5.0,Action Comedy
b5832,,Animation
b5835,5.0,Family Comedy
b5850,,Animation
b5851,,Action Thriller
b5861,,Music Drama
b5873,5.0,Animation
b5874,,Fantasy
b5879,,Family Comedy
b5880,,Comedy
b5886,5.0,Comedy
b5887,5.0,Comedy
b5896,6.0,Horror
b5901,,Comedy
b5904,5.0,Comedy
b5908,5.0,Comedy
b5909,5.0,Comedy
b5917,3.0,Animation
b5918,3.0,Animation
b5932,6.0,Thriller
b5933,6.0,Horror
b5941,,Drama / Thriller
b5944,,Horror
b5946,6.0,Horror
b5956,2.0,Comedy / Drama
b5959,5.0,Comedy
b5966,2.0,Romance
b5968,,Family Comedy
b5971,5.0,Romantic Comedy
b5976,,Romance
b5983,,Comedy
b5993,,Animation
b5994,0.0,Animation
b5998,,Sci-Fi Comedy
b6009,,Action / Adventure
b6032,,Drama
b6040,2.0,Music Drama
b6054,,Sci-Fi Horror
b6057,,Sci-Fi Adventure
b6066,,Period Drama
b6073,5.0,Comedy
b6075,2.0,Adventure
b6081,5.0,Comedy
b6090,,Comedy
b6095,,Comedy
b6099,5.0,Comedy
b6109,,Horror
b6111,,Action Comedy
b6115,2.0,Romantic Comedy
b6153,,Action Horror
b6155,,Sci-Fi Thriller
b6160,,Animation
b6161,5.0,Animation
b6162,5.0,Animation
b6163,,Animation
b6164,,Animation
b6172,,Thriller
b6173,5.0,Comedy
b6179,,Drama
b6190,2.0,Comedy
b6191,,Animation
b6214,,Fantasy Comedy
b6223,,Fantasy Drama
b6224,,Sci-Fi Thriller
b6265,,Sci-Fi Thriller
b6267,,Foreign
b6279,,Drama
b6285,2.0,Action Thriller
b6307,,Horror
b6309,,Foreign
b6310,0.0,Sci-Fi Action
b6316,,Sci-Fi Action
b6318,0.0,Sci-Fi Adventure
b6322,0.0,Period Adventure
b6323,0.0,Period Adventure
b6333,,Thriller
b6337,2.0,War
b6343,,Fantasy
b6353,,Documentary
b6355,2.0,Crime Thriller
b6357,,Animation
b6364,,Thriller
b6368,,Family Adventure
b6374,,Crime Comedy
b6380,,Sci-Fi Adventure
b6384,,Period Horror
b6392,,Thriller
b6402,,Musical
b6413,,Drama
b6431,,Action / Adventure
b6432,0.0,Action / Adventure
b6433,0.0,Action / Adventure
b6454,5.0,Comedy / Drama
b6472,,Comedy
b6475,,Romantic Comedy
b6477,,Drama
b6494,2.0,Drama
b6505,,Crime Drama
b6506,0.0,Crime Drama
b6507,2.0,Action Thriller
b6509,,Comedy
b6513,0.0,Adventure
b6514,5.0,Comedy
b6515,,Comedy
b6516,,Comedy
b6554,,War Drama
b6556,,Action
b6558,,Sci-Fi Horror
b6569,5.0,Comedy
b6579,,Horror
b6580,,Horror
b6587,,Musical
b6589,6.0,Horror Comedy
b6595,2.0,Comedy / Drama
b6596,,Musical
b6597,,Comedy / Drama
b6622,0.0,Animation
b6628,5.0,Family Comedy
b6634,,Drama
b6642,2.0,Comedy
b6645,2.0,Comedy
b6651,,Sci-Fi Horror
b6653,,Sci-Fi Adventure
b6655,2.0,Drama / Thriller
b6657,5.0,Comedy
b6658,0.0,Action
b6664,,Comedy
b6665,,Action Comedy
b6670,5.0,Comedy
b6674,,Western
b6675,,Animation
b6684,,Comedy
b6685,,Adventure
b6687,,Historical Drama
b6690,,Adventure
b6691,,Drama / Thriller
b6695,,Comedy / Drama
b6696,,Thriller
b6705,,Action / Adventure
b6710,5.0,Comedy
b6717,2.0,Comedy / Drama
b6722,0.0,Family Adventure
b6725,,Fantasy
b6728,2.0,Comedy
b6733,2.0,Romance
b6734,,Sci-Fi Comedy
b6736,0.0,Sci-Fi
b6740,0.0,Sci-Fi Horror
b6750,5.0,Romantic Comedy
b6751,,Romantic Comedy
b6753,5.0,Romantic Comedy
b6758,,Fantasy Comedy
b6768,4.0,Documentary
b6771,2.0,Action Thriller
b6773,,Drama
b6784,,Foreign
b6810,0.0,Family Comedy
b6825,4.0,Documentary
b6828,,Drama
b6829,,Comedy
b6838,,Comedy
b6840,2.0,Romantic Comedy
b6870,,Action Comedy
b6871,,Action Comedy
b6892,,Action
b6893,,Action
b6908,,Action Thriller
b6912,,Action Comedy
b6917,6.0,Crime Thriller
b6925,,Period Adventure
b6931,,Period Adventure
b6949,,Comedy / Drama
b6950,,Historical Epic
b6959,0.0,Action / Adventure
b6962,,Period Drama
b6969,5.0,Action Comedy
b6975,,Action
b6982,2.0,Romantic Comedy
b6984,2.0,Family
b6994,,Comedy
b7002,5.0,Romantic Comedy
b7006,,Drama / Thriller
b7013,0.0,Action / Adventure
b7021,,Horror Comedy
b7026,,Foreign
b7031,,Animation
b7040,,Foreign / Action
b7043,0.0,Animation
b7044,,Animation
b7046,,Action Comedy
b7122,,Foreign
b7125,,Drama
b7145,2.0,Fantasy Drama
b7157,,Horror Comedy
b7160,2.0,Drama / Thriller
b7173,,Adventure Comedy
b7180,0.0,Action / Adventure
b7181,0.0,Action / Adventure
b7186,2.0,Romantic Comedy
b7188,2.0,Comedy
b7193,0.0,Action Comedy
b7206,,Comedy / Drama
b7208,,Period Action
b7221,5.0,Comedy
b7236,,Thriller
b7245,,Romantic Comedy
b7274,,Romantic Comedy
b7281,2.0,Sports Comedy
b7283,,Crime Comedy
b7290,,Drama
b7292,,Thriller
b7296,5.0,Comedy
b7297,,Comedy
b7300,0.0,Animation
b7304,0.0,Animation
b7306,,Horror Thriller
b7311,,Family Adventure
b7336,,Musical
b7337,,Unknown
b7346,,Horror
b7352,5.0,Action Comedy
b7360,,Action Comedy
b7361,0.0,Action Comedy
b7363,2.0,War
b7364,,Drama
b7365,2.0,Romance
b7389,,Sci-Fi Thriller
b7391,,Comedy / Drama
b7400,,Comedy
b7401,2.0,Drama
b7406,,Adventure
b7414,,Romantic Comedy
b7430,5.0,Family Comedy
b7441,,Animation
b7446,,Action Thriller
b7447,,Historical Drama
b7452,,Action
b7454,2.0,War Drama
b7468,2.0,Romantic Comedy
b7473,,Drama
b7478,5.0,Comedy
b7483,,Comedy
b7492,5.0,Comedy
b7510,0.0,Action
b7520,,Comedy / Drama
b7535,,Sci-Fi Action
b7537,,Action / Adventure
b7549,2.0,Action
b7555,2.0,Action Drama
b7584,0.0,Family Adventure
b7585,,Sci-Fi Action
b7590,2.0,Crime
b7591,2.0,Sports Drama
b7600,,Romantic Comedy
b7612,,Horror
b7622,,Sci-Fi Adventure
b7634,2.0,Sports Drama
b7639,,Drama
b7641,,Romantic Comedy
b7653,2.0,Romance
b7684,2.0,Comedy / Drama
b7699,5.0,Comedy
b7741,5.0,Crime Comedy
b7753,,Foreign
b7755,,Historical Drama
b7765,,Sci-Fi Comedy
b7776,,Comedy
b7780,,Action / Adventure
b7782,0.0,Action
b7794,0.0,Sci-Fi Action
b7800,,Animation
b7802,0.0,Animation
b7818,5.0,Comedy
b7827,4.0,Documentary
b7837,2.0,Comedy / Drama
b7846,,Drama
b7850,2.0,Romantic Comedy
b7880,,Fantasy
b7882,,Horror
b7883,5.0,Comedy
b7887,,Horror
b7904,,Action / Adventure
b7910,,Action Drama
b7913,0.0,Thriller
b7916,,Comedy / Drama
b7929,,Drama
b7959,5.0,Comedy
b7962,,Drama
b7964,,Thriller
b7971,,Period Drama
b7984,,Family Comedy
b7989,,Crime Comedy
b7993,0.0,Animation
b8001,,Action / Adventure
b8012,,Period Horror
b8027,0.0,War
b8039,,Thriller
b8053,,Family
b8055,5.0,Family Comedy
b8056,,Action / Crime
b8075,0.0,Action / Adventure
b8084,,Romance
b8089,,Drama
b8092,2.0,Drama
b8094,,Comedy
b8097,5.0,Comedy
b8112,1.0,Western
b8115,5.0,Sci-Fi Comedy
b8116,2.0,Fantasy Drama
b8124,5.0,Comedy
b8127,5.0,Comedy
b8136,5.0,Animation
b8144,,Thriller
b8145,,Period Drama
b8160,,Sci-Fi Comedy
b8161,0.0,Sci-Fi Comedy
b8162,2.0,Period Drama
b8188,,Romance
b8190,0.0,Drama
b8209,,Action / Crime
b8219,5.0,Romantic Comedy
b8221,,Comedy
b8226,,Comedy
b8241,5.0,Romantic Comedy
b8250,5.0,Comedy
b8256,,Drama
b8263,2.0,Sports Drama
b8264,2.0,Sports Drama
b8274,,Crime Comedy
b8277,,Sci-Fi Thriller
b8280,,War Drama
b8284,,Drama
b8287,,Fantasy
b8297,,Action Comedy
b8307,,Fantasy
b8319,0.0,Sci-Fi Adventure
b8321,,Action
b8322,0.0,Action
b8323,0.0,Action
b8325,,Action
b8326,0.0,Action
b8358,,Action / Adventure
b8369,5.0,Comedy
b8372,2.0,Period Drama
b8377,2.0,Drama / Thriller
b8381,,Sports Drama
b8382,,Foreign
b8392,5.0,Fantasy Comedy
b8401,,Drama / Thriller
b8404,,Family Adventure
b8409,5.0,Comedy
b8410,,Sci-Fi
b8412,0.0,Animation
b8413,,Animation
b8416,,Romantic Comedy
b8434,,Drama
b8438,2.0,Drama
b8446,,Sci-Fi Thriller
b8450,,Comedy
b8460,,Action Comedy
b8473,,Drama
b8477,,Comedy
b8482,2.0,Musical
b8486,,Comedy
b8490,5.0,Comedy
b8496,2.0,Drama
b8497,,Foreign
b8499,,Action Comedy
b8506,,Thriller
b8509,5.0,Comedy
b8525,5.0,Animation
b8527,,Family Comedy
b8546,,Comedy / Drama
b8571,,Drama / Thriller
b8574,5.0,Family Comedy
b8575,5.0,Family Comedy
b8582,6.0,Thriller
b8592,,Comedy
b8605,2.0,Music Drama
b8607,5.0,Romantic Comedy
b8617,5.0,Comedy
b8621,,Romantic Comedy
b8622,2.0,Romantic Comedy
b8628,,Horror
b8633,5.0,Comedy
b8648,,Family
b8660,2.0,Unknown
b8706,,Drama
b8708,6.0,Horror
b8726,5.0,Fantasy Comedy
b8732,,Crime Drama
b8740,5.0,Sports Comedy
b8758,,Family
b8759,,Family
b8762,,Action / Crime
b8778,,Comedy
b8781,,Adventure
b8793,,Comedy / Drama
b8796,,Action
b8821,2.0,Action Drama
b8822,2.0,Romantic Comedy
b8828,,Drama / Thriller
b8843,,Romantic Comedy
b8846,,Family Comedy
b8859,5.0,Comedy
b8871,,Drama
b8892,5.0,Family Adventure
b8893,,Family Adventure
b8906,,Crime Drama
b8918,,Family Adventure
b8921,,Drama
b8929,0.0,Action
b8944,,Unknown
b8945,,Thriller
b8970,,Comedy
b8975,,Drama
b8998,,Thriller
b9000,5.0,Romantic Comedy
b9009,,Drama
b9025,5.0,Comedy
b9028,2.0,Drama
b9049,,Music Drama
b9051,,Romantic Comedy
b9054,,Comedy Thriller
b9056,,Thriller
b9074,2.0,Comedy
b9095,,Sci-Fi Adventure
b9097,2.0,Comedy
b9098,,Thriller
b9106,,Crime Comedy
b9108,,Crime Comedy
b9109,,Documentary
b9113,2.0,Period Drama
b9116,,Horror
b9134,5.0,Comedy
b9148,,Family Comedy
b9152,,Comedy
b9155,,Thriller
b9159,,Period Drama
b9164,0.0,Thriller
b9186,,Romantic Comedy
b9209,0.0,Action
b9217,,Drama
b9222,,Romance
b9226,,Concert
b9231,,Action Comedy
b9233,2.0,Thriller
b9237,,Horror
b9241,5.0,Crime Comedy
b9242,2.0,Period Drama
b9261,,Drama
b9278,,Western
b9279,,Animation
b9307,,Romantic Thriller
b9328,6.0,Horror
b9330,,Comedy / Drama
b9334,2.0,Comedy
b9346,,Comedy
b9355,,Crime Thriller
b9358,2.0,Thriller
b9364,,Documentary
b9366,,Sci-Fi Adventure
b9382,,Crime Drama
b9388,0.0,Adventure
b9392,,Romance
b9398,,Documentary
b9403,,Sci-Fi Action
b9405,,Family
b9409,,Action
b9420,,Fantasy
b9421,,Foreign / Horror
b9426,,Sci-Fi Horror
b9428,,Thriller
b9441,,Drama
b9447,5.0,Animation
b9453,,Foreign
b9459,,Thriller
b9466,6.0,Horror
b9470,,Comedy
b9484,,Action / Crime
b9500,,Sci-Fi
b9513,,Comedy / Drama
b9517,,Period Adventure
b9524,,Action Thriller
b9525,,Drama
b9530,,Sci-Fi Comedy
b9531,5.0,Comedy
b9532,5.0,Comedy
b9546,,Drama
b9547,,Crime
b9549,,Sci-Fi Action
b9556,,War
b9568,5.0,Animation
b9574,,Drama
b9580,0.0,Fantasy
b9581,0.0,Fantasy
b9586,,Action Horror
b9592,,Thriller
b9611,,Family
b9614,,Family Adventure
b9634,5.0,Comedy
b9639,,Drama
b9640,,Drama
b9648,,Thriller
b9662,2.0,Comedy / Drama
b9672,,Action Comedy
b9690,6.0,Horror
b9692,,Comedy
b9694,,Period Adventure
b9695,,Period Adventure
b9697,,Period Adventure
b9698,,Period Adventure
b9700,,Sci-Fi Horror
b9701,5.0,Comedy
b9702,5.0,Comedy
b9705,,Action Comedy
b9712,,Animation
b9714,5.0,Animation
b9715,,Animation
b9719,,Sci-Fi Action
b9724,2.0,Sports Comedy
b9733,,Fantasy Drama
b9734,2.0,Comedy / Drama
b9747,,Action
b9753,,Animation
b9756,,Animation
b9757,,Animation
b9775,,Horror
b9780,,Action Drama
b9785,3.0,Animation
b9804,,Action Drama
b9812,,Action Comedy
b9824,,Action / Adventure
b9836,,Drama
b9837,,Action Horror
b9840,,Sci-Fi Horror
b9846,0.0,Action Thriller
b9847,,Thriller
b9860,2.0,Sports Drama
b9865,,Crime Drama
b9869,,Comedy
b9870,,Action Horror
b9873,,Drama
b9874,,Comedy
b9882,,Adventure
b9891,,Action Thriller
b9908,,Sci-Fi
b9914,,Comedy / Drama
b9916,,Horror
b9918,,Sci-Fi Action
b9924,2.0,Romantic Thriller
b9936,,Thriller
b9943,,Crime Drama
b9955,,Horror
b9969,2.0,Action
b9983,,Sci-Fi Thriller
b9987,,Animation
b9999,,Action
b10000,,Horror Thriller
b10009,2.0,Sports Drama
b10011,6.0,Horror
b10034,5.0,Action / Adventure
b10040,,Family Comedy
b10045,,Drama
b10064,,Sports Drama
b10089,0.0,Music Drama
b10105,,Action
b10106,0.0,Action
b10108,5.0,Family
b10119,,Romance
b10124,,Animation
b10139,,Animation
b10146,,Music Drama
b10155,,Sports Comedy
b10172,,Comedy
b10174,3.0,Animation
b10178,,Action Comedy
b10181,,Action Comedy
b10189,,Action
b10191,,Thriller
b10192,,Thriller
b10202,,Sci-Fi Adventure
b10203,,Drama / Thriller
b10216,0.0,Action / Adventure
b10219,2.0,Action Drama
b10223,,Action
b10241,2.0,Drama
b10242,,Action Horror
b10244,0.0,Action
b10247,4.0,Documentary
b10250,,Romance
b10255,2.0,Sports Drama
b10259,,Animation
b10264,5.0,Comedy
b10266,,Musical
b10272,0.0,Sci-Fi Action
b10284,,Action Horror
b10285,,Action Horror
b10286,,Action Horror
b10288,6.0,Action Horror
b10289,,Sci-Fi Action
b10294,,Drama
b10318,2.0,Romantic Comedy
b10319,0.0,Animation
b10349,,Drama
b10365,2.0,Comedy / Drama
b10369,,Sci-Fi Fantasy
b10372,,Comedy
b10373,5.0,Action Comedy
b10387,2.0,Crime Thriller
b10390,,Horror
b10391,,Animation
b10392,5.0,Animation
b10400,0.0,Animation
b10402,2.0,Sci-Fi Action
b10404,,Action / Adventure
b10422,,Comedy
b10426,2.0,Crime Drama
b10437,,Period Adventure
b10440,0.0,Period Adventure
b10442,,Sci-Fi Action
b10451,,Animation
b10456,,Music Drama
b10460,,Musical
b10466,,Comedy
b10472,,Sports Drama
b10483,,Sci-Fi Adventure
b10484,,Comedy
b10487,,Sports Action
b10503,0.0,Action
b10553,5.0,Animation
b10554,5.0,Animation
b10556,,Drama / Thriller
b10561,,Action
b10562,,Comedy
b10568,,Romantic Comedy
b10569,2.0,Thriller
b10572,6.0,Thriller
b10578,,Action / Crime
b10586,,Action Drama
b10587,,Action Comedy
b10588,5.0,Action Comedy
b10589,5.0,Action Comedy
b10590,,Comedy
b10604,,Action Thriller
b10630,,Romance
b10631,,Action Thriller
b10637,,Adventure
b10649,,War
b10658,,Action Thriller
b10672,,Action
b10674,,Thriller
b10713,5.0,Animation
b10717,,Thriller
b10724,2.0,Comedy
b10727,,Crime Comedy
b10729,2.0,Drama
b10732,2.0,War
b10734,5.0,Comedy
b10738,,Horror
b10742,6.0,Horror
b10743,6.0,Horror
b10746,,Romantic Comedy
b10757,5.0,Horror Comedy
b10758,5.0,Horror Comedy
b10759,,Horror Comedy
b10760,,Comedy
b10772,,Comedy
b10774,5.0,Comedy
b10779,,Family Adventure
b10785,5.0,Action Comedy
b10787,6.0,Horror Comedy
b10790,6.0,Horror
b10791,6.0,Horror
b10792,6.0,Horror
b10797,,Comedy
b10802,,IMAX
b10806,,Sports Drama
b10814,,Period Action
b10820,2.0,Family Adventure
b10826,6.0,Thriller
b10827,,Sports Drama
b10833,,Horror
b10835,,Family Comedy
b10838,6.0,Horror Comedy
b10843,2.0,Comedy / Drama
b10847,,Sci-Fi Thriller
b10848,,Drama
b10872,,Sci-Fi Adventure
b10881,5.0,Romantic Comedy
b10884,,Crime Drama
b10887,,Thriller
b10891,,Drama
b10892,5.0,Action Comedy
b10899,,Fantasy
b10902,,Comedy
b10906,,Comedy
b10909,,Foreign
b10910,,Romantic Comedy
b10911,2.0,Romantic Comedy
b10928,,Unknown
b10944,,Action
b10955,,Music Drama
b10960,2.0,Fantasy Comedy
b10967,0.0,Western Comedy
b10968,0.0,Western Comedy
b10975,6.0,Horror
b10976,5.0,Animation
b10988,5.0,Romantic Comedy
b10996,5.0,Romantic Comedy
b10998,5.0,Comedy
b11007,,Adventure
b11028,,Action
b11034,,Action
b11050,,Fantasy Drama
b11064,,Action Comedy
b11065,5.0,Animation
b11066,5.0,Animation
b11067,5.0,Animation
b11068,5.0,Animation
b11077,,Period Drama
b11082,,Action Drama
b11083,4.0,Documentary
b11092,2.0,Comedy
b11098,,Sci-Fi Horror
b11106,,Horror
b11107,,Horror
b11137,,Crime
b11140,5.0,Animation
b11160,6.0,Horror
b11172,,Comedy
b11202,0.0,Sci-Fi Adventure
b11203,,Family Adventure
b11205,,Action
b11207,,Thriller
b11209,,Comedy
b11227,2.0,Thriller
b11230,2.0,Romantic Comedy
b11236,,Period Horror
b11244,,Sci-Fi Horror
b11256,5.0,Crime Comedy
b11276,,Action Comedy
b11280,,Animation
b11281,,Thriller
b11283,0.0,Horror Thriller
b11294,,Family Comedy
b11295,5.0,Family Comedy
b11296,,Period Drama
b11297,,Historical Drama
b11299,0.0,Adventure
b11305,,Thriller
b11328,,Sci-Fi
b11335,,Comedy / Drama
b11352,,Romantic Comedy
b11356,,Romantic Comedy
b11366,,Romantic Comedy
b11367,,Comedy / Drama
b11382,5.0,Family Comedy
b11403,5.0,Comedy
b11405,6.0,Horror
b11411,5.0,Comedy
b11413,,Sports Drama
b11414,6.0,Horror
b11422,0.0,Sci-Fi Thriller
b11425,,Animation
b11432,,Drama
b11437,5.0,Animation
b11438,0.0,Action Thriller
b11447,,Comedy / Drama
b11454,,Music Drama
b11460,,Action Horror
b11470,,Action
b11473,0.0,Action Thriller
b11474,,Action
b11486,,Drama / Thriller
b11487,,Action / Adventure
b11489,0.0,Action / Adventure
b11490,0.0,Action / Adventure
b11503,0.0,Animation
b11508,,Sci-Fi Horror
b11531,,Crime Drama
b11540,,Comedy
b11541,0.0,Action Thriller
b11543,0.0,Family Adventure
b11544,,Family Adventure
b11545,0.0,Family Adventure
b11546,0.0,Family Adventure
b11580,,Sci-Fi Adventure
b11581,0.0,Sci-Fi Adventure
b11585,0.0,Sci-Fi Adventure
b11589,0.0,Sci-Fi Adventure
b11590,0.0,Sci-Fi Adventure
b11591,0.0,Sci-Fi Adventure
b11596,0.0,Sci-Fi Fantasy
b11598,0.0,Sci-Fi Fantasy
b11600,0.0,Sci-Fi Fantasy
b11604,0.0,Sci-Fi Fantasy
b11608,,Fantasy
b11615,,Sci-Fi Action
b11616,,Action Comedy
b11655,,Action
b11657,,Animation
b11670,,Comedy
b11674,,Music Drama
b11676,2.0,Music Drama
b11678,2.0,Music Drama
b11684,,Comedy / Drama
b11688,,Drama
b11699,,Horror
b11700,2.0,Drama
b11713,,Horror Thriller
b11720,2.0,Unknown
b11721,2.0,Music Drama
b11722,,Drama / Thriller
b11734,,War Drama
b11739,,Animation
b11746,,Drama
b11762,,Fantasy Comedy
b11771,,Thriller
b11780,,Action
b11782,2.0,Crime Drama
b11807,,Family Adventure
b11808,5.0,Family Adventure
b11820,,Action
b11829,5.0,Crime Comedy
b11835,,Action / Adventure
b11843,,Drama
b11844,,Drama
b11847,2.0,Sports Comedy
b11877,,Comedy
b11878,,Sci-Fi
b11885,5.0,Comedy
b11886,,Comedy
b11891,,Action / Adventure
b11895,0.0,Action / Adventure
b11897,,Sci-Fi Thriller
b11905,,Comedy
b11909,0.0,Sci-Fi Action
b11921,2.0,Thriller
b11930,,Musical
b11938,,Romantic Comedy
b11939,,Period Drama
b11954,,Romantic Comedy
b11958,2.0,Thriller
b11969,,Comedy / Drama
b11980,,Action
b11990,,Comedy
b11991,2.0,Drama / Thriller
b11994,,Crime Comedy
b11997,,Animation
b12023,2.0,Drama
b12029,,Action
b12030,,Action
b12031,,Action
b12032,0.0,Action / Crime
b12034,,Thriller
b12036,2.0,Comedy
b12054,,Family Adventure
b12056,5.0,Sports Comedy
b12062,,Comedy
b12066,5.0,Animation
b12082,,Animation
b12093,,Action Comedy
b12109,5.0,Comedy
b12111,2.0,Action Drama
b12112,,Comedy
b12113,5.0,Comedy
b12122,,Action / Adventure
b12125,0.0,Action / Adventure
b12143,5.0,Comedy
b12160,0.0,Sci-Fi Action
b12162,0.0,Sci-Fi Action
b12163,0.0,Sci-Fi Action
b12164,,Action
b12186,,Western
b12193,2.0,Comedy
b12199,5.0,Romantic Comedy
b12218,,Comedy
b12223,,Period Adventure
b12236,5.0,Comedy
b12241,,Sci-Fi Action
b12242,,Sci-Fi Action
b12244,,Action
b12252,,Drama
b12254,,Horror Comedy
b12257,6.0,Sci-Fi Thriller
b12270,5.0,Sci-Fi Comedy
b12272,,Family Comedy
b12291,,War
b12303,,Action / Adventure
b12309,,Drama / Thriller
b12315,,Horror
b12319,0.0,Animation
b12320,5.0,Comedy
b12325,,Animation
b12328,,Thriller
b12348,,Action Thriller
b12350,,Comedy / Drama
b12355,2.0,Western
b12361,2.0,Drama
b12362,2.0,Horror Thriller
b12370,,Period Drama
b12375,,Adventure
b12382,,Romantic Comedy
b12384,5.0,Romantic Comedy
b12400,2.0,Comedy
b12417,,Drama / Thriller
b12433,,Comedy / Drama
b12437,,Unknown
b12442,5.0,Sports Comedy
b12449,,Comedy / Drama
b12450,2.0,Comedy / Drama
b12455,,Romance
b12480,,Drama
b12487,,Drama
b12494,5.0,Romantic Comedy
b12495,,Crime Comedy
b12496,5.0,Comedy
b12503,,Crime Drama
b12513,,Sports Drama
b12531,2.0,Thriller
b12534,0.0,Action / Adventure
b12537,,Animation
b12540,0.0,Action / Crime
b12544,,Comedy
b12549,,Action Comedy
b12550,,Action Thriller
b12551,,Action
b12552,,Action Thriller
b12553,,Action Thriller
b12554,,Horror Thriller
b12556,5.0,Animation
b12557,,Horror
b12581,2.0,Romantic Comedy
b12591,,Period Drama
b12593,,Romance
b12600,,Comedy / Drama
b12602,,Adventure Comedy
b12605,5.0,Comedy
b12609,2.0,Comedy / Drama
b12622,6.0,Sci-Fi Thriller
b12624,6.0,Horror Thriller
b12628,2.0,Comedy
b12630,,Thriller
b12648,,Family Comedy
b12654,2.0,Drama / Thriller
b12657,6.0,Sci-Fi Thriller
b12668,5.0,Comedy
b12690,0.0,Fantasy
b12691,,Fantasy
b12692,0.0,Fantasy
b12693,0.0,Sci-Fi Fantasy
b12695,,Period Drama
b12702,2.0,Drama / Thriller
b12735,,Drama
b12736,2.0,Drama
b12749,6.0,Horror
b12754,2.0,Historical Drama
b12755,,Thriller
b12756,,Drama / Thriller
b12763,0.0,Action Drama
b12766,2.0,Action / Crime
b12769,,Thriller
b12770,,Period Adventure
b12772,5.0,Family Comedy
b12780,,Horror
b12783,,Crime Comedy
b12785,,Family Adventure
b12786,5.0,Animation
b12801,,Fantasy Drama
b12803,5.0,Comedy Thriller
b12807,5.0,Comedy
b12808,,Thriller
b12814,,Comedy
b12821,,Action / Adventure
b12823,0.0,Action Thriller
b12825,,Sci-Fi Thriller
b12830,0.0,Action Drama
b12836,,Sci-Fi
b12848,,Drama / Thriller
b12857,,Drama / Thriller
b12858,,Drama
b12862,2.0,Crime Drama
b12870,,Comedy
b12876,,Drama
b12879,2.0,Drama / Thriller
b12880,6.0,Horror
b12886,,Comedy
b12887,,Comedy
b12893,6.0,Horror
b12899,,Action / Adventure
b12913,2.0,Drama
b12917,,Foreign
b12921,,Drama
b12926,,Crime Drama
b12934,,Action Comedy
b12938,,Period Action
b12943,,Romance
b12946,2.0,Comedy
b12961,2.0,Drama
b12963,5.0,Animation
b12980,,Romance
b12984,,Thriller
b12995,6.0,Horror
b13000,,Action
b13001,0.0,Action
b13005,2.0,Sports Drama
b13029,,Action Comedy
b13031,2.0,Fantasy Comedy
b13032,2.0,Romantic Comedy
b13041,,Action
b13043,,Action
b13052,,Drama
b13054,2.0,Sports Drama
b13058,2.0,Music Drama
b13064,6.0,Horror
b13088,5.0,Comedy
b13093,,Family Comedy
b13094,5.0,Family Comedy
b13106,,Horror
b13113,,Horror
b13114,,Sci-Fi Thriller
b13116,,Horror
b13119,2.0,Sci-Fi Fantasy
b13121,,War Drama
b13152,,Drama
b13155,,Crime Drama
b13158,,Sports Drama
b13171,,Thriller
b13177,,Thriller
b13201,,Foreign
b13203,,Thriller
b13206,,Thriller
b13207,,Thriller
b13210,,Fantasy Drama
b13212,,Thriller
b13222,2.0,Crime Drama
b13231,,Fantasy
b13241,2.0,Romance
b13252,,Crime
b13255,,Action / Adventure
b13256,,Comedy
b13258,,Music Drama
b13260,,Historical Drama
b13268,2.0,Comedy
b13282,,Drama
b13290,,Comedy
b13292,2.0,War
b13296,,Action
b13300,,Drama
b13308,,Action / Adventure
b13309,,Horror
b13310,,Period Drama
b13313,,Action Drama
b13321,6.0,Horror
b13322,,Comedy Thriller
b13327,,Comedy
b13329,,Thriller
b13344,5.0,Comedy
b13345,5.0,Comedy
b13347,,Thriller
b13360,2.0,Western
b13361,,Family Adventure
b13363,,Horror
b13375,,Comedy
b13377,5.0,Unknown
b13382,,Drama
b13392,,Horror
b13393,4.0,Horror
b13405,,Sci-Fi Comedy
b13408,2.0,Drama
b13413,5.0,Romantic Comedy
b13425,,Comedy
b13433,,Sci-Fi Thriller
b13439,,Drama
b13441,5.0,Comedy
b13462,,Drama
b13463,,Animation
b13464,,Drama
b13466,,Action / Adventure
b13467,0.0,Action / Adventure
b13468,0.0,Action / Adventure
b13469,0.0,Action / Adventure
b13471,,Action Thriller
b13472,,Action
b13479,0.0,Action / Adventure
b13480,,Sports Drama
b13481,2.0,War
b13494,,Period Drama
b13495,,Animation
b13497,,Fantasy
b13511,5.0,Comedy
b13512,,Action / Adventure
b13514,0.0,Animation
b13522,2.0,Drama / Thriller
b13535,,Drama / Thriller
b13538,,Comedy
b13539,,Drama / Thriller
b13541,5.0,Comedy
b13542,,Thriller
b13549,,Sci-Fi Thriller
b13550,5.0,Fantasy Comedy
b13564,,Sci-Fi Action
b13567,,Sci-Fi Horror
b13571,,Action / Crime
b13572,,Action Thriller
b13584,,Drama
b13592,,Drama
b13595,,Adventure
b13598,0.0,Animation
b13600,,Action Drama
b13609,,Comedy
b13612,,Crime Drama
b13630,,Thriller
b13640,0.0,Animation
b13641,0.0,Animation
b13643,,Comedy
b13651,,Crime Comedy
b13653,,Romance
b13659,0.0,Fantasy
b13665,2.0,Action Drama
b13678,6.0,Horror
b13683,,Comedy
b13688,,Drama
b13690,,Romance
b13696,,Foreign
b13705,2.0,War
b13711,,Drama
b13712,,Action
b13714,,Historical Drama
b13726,0.0,Action Fantasy
b13741,,Period Adventure
b13746,2.0,Sports Drama
b13750,0.0,Action / Adventure
b13755,,Action / Adventure
b13756,0.0,Period Adventure
b13766,2.0,Adventure Comedy
b13767,2.0,Drama
b13770,2.0,Drama / Thriller
b13773,,Drama
b13775,2.0,Crime Drama
b13777,,Crime Drama
b13800,,Family Adventure
b13806,5.0,Family Adventure
b13812,,Western
b13821,2.0,Action
b13828,,Romance
b13829,,Sports Comedy
b13836,,Crime Drama
b13839,2.0,Fantasy
b13843,2.0,Fantasy
b13848,,Action
b13852,,Period Drama
b13857,0.0,Sci-Fi Horror
b13860,5.0,Comedy
b13864,,Drama / Thriller
b13887,,Western
b13890,,Period Drama
b13897,,Action
b13924,0.0,Action / Adventure
b13925,,Thriller
b13939,,Sci-Fi
b13941,0.0,Period Adventure
b13944,5.0,Comedy
b13945,2.0,Comedy Thriller
b13948,0.0,Sci-Fi Action
b13949,0.0,Sci-Fi Action
b13951,0.0,Sci-Fi Action
b13952,,Sci-Fi Thriller
b13955,,Action
b13959,,Comedy
b13964,,Drama
b13966,,War
b13967,,Horror
b13970,5.0,Crime Comedy
b13996,,Horror
b14010,2.0,Action Drama
b14014,,Fantasy Drama
b14021,,Drama
b14022,,Horror
b14026,,Period Adventure
b14028,0.0,Period Adventure
b14029,0.0,Period Adventure
b14032,,Family Comedy
b14034,,Comedy
b14040,,Period Action
b14055,,Drama
b14058,,Period Drama
b14073,,Comedy
b14077,,Period Drama
b14080,2.0,Drama
b14084,2.0,Action Thriller
b14086,,Comedy
b14100,6.0,Horror
b14102,2.0,Romance
b14107,6.0,Thriller
b14108,5.0,Animation
b14112,,Fantasy
b14114,,Comedy
b14115,,Comedy
b14116,2.0,Romantic Comedy
b14134,,Horror
b14157,,Period Drama
b14164,5.0,Action Comedy
b14179,,Comedy
b14196,2.0,Family Comedy
b14226,,War
b14227,,Action Thriller
b14228,5.0,Animation
b14233,6.0,Horror
b14241,,Thriller
b14244,5.0,Romantic Comedy
b14247,,Action Drama
b14255,,Musical
b14261,,War Drama
b14269,,Comedy
b14270,5.0,Action Comedy
b14278,,Animation
b14280,2.0,Drama
b14288,,Drama / Thriller
b14290,,Animation
b14308,6.0,Horror
b14315,0.0,Animation
b14321,,Fantasy Drama
b14328,5.0,Romantic Comedy
b14330,0.0,Animation
b14337,,Family Comedy
b14338,5.0,Family Comedy
b14339,,Animation
b14356,,Period Drama
b14358,,Musical
b14368,,Romantic Comedy
b14379,,Action / Crime
b14388,2.0,Drama
b14398,,Drama / Thriller
b14417,,Thriller
b14419,,Period Drama
b14421,4.0,Documentary
b14446,,Sports Comedy
b14463,,Action / Adventure
b14472,,Horror
b14478,,Thriller
b14483,,Drama / Thriller
b14488,5.0,Animation
b14494,,Action
b14495,,Comedy
b14505,,Sports Drama
b14507,6.0,Thriller
b14511,,Drama
b14512,2.0,Comedy
b14513,5.0,Animation
b14516,,Comedy
b14518,,Adventure
b14519,,Drama
b14520,0.0,Action Comedy
b14540,2.0,Family Comedy
b14541,5.0,Family Comedy
b14552,,Crime
b14553,0.0,Action Fantasy
b14571,,Comedy / Drama
b14579,,Drama
b14582,,Comedy
b14588,,Thriller
b14589,,Animation
b14616,,Horror
b14624,,Drama
b14632,,Drama / Thriller
b14639,5.0,Animation
b14644,,Comedy / Drama
b14645,2.0,Comedy / Drama
b14647,5.0,Comedy
b14651,,Horror
b14655,,Thriller
b14663,,Family Comedy
b14664,5.0,Family Comedy
b14672,2.0,Comedy / Drama
b14684,,Fantasy
b14687,,Sci-Fi Adventure
b14689,2.0,Action
b14692,,Fantasy
b14698,5.0,Animation
b14699,5.0,Animation
b14700,5.0,Action Comedy
b14705,2.0,Comedy / Drama
b14712,,Drama / Thriller
b14715,,Horror Thriller
b14716,,Sci-Fi Comedy
b14725,,Comedy / Drama
b14734,,Thriller
b14747,,Action Thriller
b14769,5.0,Romantic Comedy
b14772,,Comedy
b14777,,Comedy Thriller
b14781,,Action Thriller
b14783,,Animation
b14786,,Thriller
b14800,,Romance
b14809,2.0,Comedy / Drama
b14817,,Horror
b14819,,Drama
b14826,,War
b14828,,Sci-Fi Horror
b14837,6.0,Sci-Fi Thriller
b14838,,Romantic Thriller
b14840,,Western
b14845,,Period Action
b14846,,Comedy
b14850,2.0,Animation
b14854,,Sci-Fi Adventure
b14856,,Romance
b14858,5.0,Comedy
b14862,,Romantic Thriller
b14865,,Crime Drama
b14875,,Action
b14881,,Drama
b14914,5.0,Action Comedy
b14915,2.0,Romance
b14916,2.0,Romance
b14917,2.0,Romance
b14925,5.0,Romantic Comedy
b14932,,Horror
b14952,2.0,Comedy / Drama
b14967,,Period Horror
b14972,,Drama
b14976,,Drama
b14982,,Adventure
b15001,,Western
b15003,,Comedy
b15005,,Comedy
b15006,,Thriller
b15008,2.0,War Drama
b15010,5.0,Sports Comedy
b15015,2.0,Drama
b15022,2.0,Action / Crime
b15026,,Comedy / Drama
b15030,5.0,Romantic Comedy
b15032,5.0,Romantic Comedy
b15033,,Comedy
b15034,5.0,Romantic Comedy
b15050,,Foreign
b15051,,Crime Comedy
b15052,,Crime Comedy
b15056,,Horror Thriller
b15059,5.0,Animation
b15068,0.0,Animation
b15095,,Fantasy
b15104,,Drama
b15105,,Horror
b15107,,Action
b15115,,Comedy
b15125,,Drama
b15133,,Action
b15136,,Comedy
b15137,,Period Drama
b15142,,Sports Drama
b15146,2.0,Sci-Fi Thriller
b15148,2.0,Crime Drama
b15167,,Historical Drama
b15180,,Drama
b15183,2.0,Drama
b15215,5.0,Comedy
b15216,5.0,Comedy
b15219,,Drama
b15220,,Action Drama
b15221,,Horror
b15228,,Drama
b15231,5.0,Comedy
b15239,,Action
b15250,2.0,Comedy
b15251,5.0,Comedy
b15258,,Action / Adventure
b15260,0.0,Action / Adventure
b15264,,Thriller
b15272,,War Drama
b15302,,Family Adventure
b15337,,Drama
b15349,,Sci-Fi Adventure
b15360,0.0,Animation
b15361,,Romance
b15381,2.0,Drama
b15403,,Comedy
b15409,,Sci-Fi
b15421,,Fantasy Comedy
b15439,,Action
b15448,,Sci-Fi Action
b15450,,Sci-Fi Action
b15476,5.0,Comedy
b15477,,Romantic Comedy
b15481,5.0,Animation
b15483,5.0,Animation
b15504,,Comedy
b15506,,Drama / Thriller
b15507,,Crime Thriller
b15509,,Sci-Fi
b15512,,Sci-Fi Action
b15515,0.0,Sci-Fi Action
b15516,0.0,Sci-Fi Action
b15517,0.0,Sci-Fi Action
b15520,,Action
b15525,,Thriller
b15533,0.0,Animation
b15567,,Animation
b15569,0.0,Sci-Fi Action
b15571,5.0,Action Comedy
b15580,,Historical Epic
b15590,,Western
b15593,5.0,Action Comedy
b15602,,Drama
b15625,,Animation
b15629,6.0,Thriller
b15643,,Thriller
b15655,,Romance
b15669,,Thriller
b15671,,Action Drama
b15675,5.0,Romantic Comedy
b15693,5.0,Romantic Comedy
b15696,,Drama / Thriller
b15704,,Comedy
b15707,,Comedy / Drama
b15712,,Comedy
b15713,,Comedy
b15718,,Comedy / Drama
b15725,,War
b15736,,Action Horror
b15741,,Animation
b15745,5.0,Comedy
b15748,,Thriller
b15749,,War Drama
b15770,,Unknown
b15783,,Sci-Fi
b15788,,Romance
b15802,,Action Horror
b15803,,Action Horror
b15804,,Action Horror
b15806,,Action Horror
b15807,5.0,Music Drama
b15808,,Sports Drama
b15812,,Romantic Thriller
b15815,,Comedy
b15827,,Drama / Thriller
b15834,,Drama / Thriller
b15839,,Action Drama
b15845,,Action Thriller
b15921,6.0,Thriller
b15924,,Animation
b15931,,Comedy / Drama
b15936,2.0,Comedy
b15938,,Horror
b15939,6.0,Horror
b15946,,Action Thriller
b15953,,Horror Thriller
b15954,,Comedy
b15957,,Horror
b15958,,Romantic Comedy
b15962,,Animation
b15963,,Thriller
b15974,5.0,Horror Comedy
b15977,,Period Horror
b15980,0.0,Thriller
b15984,,Period Drama
b15985,,Thriller
b15987,,Sports Drama
b15991,,Foreign
b16008,,Drama / Thriller
b16009,,Comedy
b16010,0.0,Action
b16046,,Historical Drama
b16060,,Sci-Fi Horror
b16071,,Foreign
b16086,,Action Drama
b16098,,Historical Drama
b16100,,Animation
b16124,,Comedy
b16135,5.0,Comedy
b16139,2.0,Music Drama
b16140,,Action
b16145,,Family Adventure
b16149,2.0,Drama
b16151,,Animation
b16157,,Action / Adventure
b16163,,War
b16174,,Sci-Fi Horror
b16181,,Fantasy
b16185,,Drama
b16190,,Action
b16195,,Foreign / Action
b16207,,Action / Adventure
b16212,,Drama
b16219,0.0,Sci-Fi Adventure
b16223,,Comedy
b16236,2.0,Drama
b16241,,Crime Drama
b16245,2.0,War
b16251,5.0,Comedy
b16257,5.0,Comedy
b16273,,Comedy
b16279,5.0,Comedy
b16291,,Horror
b16308,5.0,Comedy
b16312,6.0,Horror
b16317,5.0,Sci-Fi Comedy
b16323,5.0,Fantasy Comedy
b16326,,Family Comedy
b16331,,Romantic Comedy
b16339,5.0,Comedy
b16341,5.0,Comedy
b16344,,Romantic Comedy
b16363,,Horror Thriller
b16367,,Drama
b16369,2.0,Sports Drama
b16388,,Comedy / Drama
b16391,2.0,Crime Comedy
b16394,,Drama
b16395,,Family Adventure
b16401,,Romantic Comedy
b16402,,Comedy
b16404,,Comedy
b16405,,Comedy
b16411,5.0,Comedy
b16420,2.0,Action Drama
b16431,,Drama
b16441,,Thriller
b16445,5.0,Fantasy Comedy
b16470,,Comedy
b16481,,Unknown
b16504,,Comedy Thriller
b16508,5.0,Western Comedy
b16519,,Horror
b16523,,Period Drama
b16529,,Romantic Comedy
b16531,5.0,Romantic Comedy
b16538,2.0,War
b16548,,Animation
b16558,2.0,Drama
b16559,,Fantasy
b16578,5.0,Comedy
b16593,,Drama
b16596,5.0,Romantic Comedy
b16605,,Comedy / Drama
b16624,,Drama / Thriller
b16626,,Action Horror
b16631,0.0,Fantasy
b16632,5.0,Animation
b16642,6.0,Horror
b16649,,Action / Adventure
b16650,0.0,Action / Adventure
b16651,0.0,Action / Adventure
b16652,0.0,Action / Adventure
b16653,0.0,Action / Adventure
b16654,0.0,Action / Adventure
b16655,,Action / Adventure
b16657,,Action
b16674,,Adventure Comedy
b16687,,Comedy
b16694,,Family Comedy
b16702,5.0,Comedy
b16708,5.0,Comedy
b16710,2.0,Music Drama
b16717,,Romance
b16726,2.0,Romantic Comedy
b16727,,Comedy
b16729,,Crime Thriller
b16730,,Comedy / Drama
b16751,5.0,Comedy
b16754,,Family Comedy
b16758,,Comedy
b16766,5.0,Comedy
b16769,,Family Adventure
b16781,2.0,Thriller
b16798,,Thriller
b16803,6.0,Horror Comedy
b16805,,Comedy
b16806,5.0,Comedy
b16819,2.0,Romance
b16822,6.0,Horror
b16828,,Action / Adventure
